Verb,Most Likely Behavior,Internal / External (from Most Likely Behavior),Independent / Interactive (from Most Likely Behavior),Preferred Context (from Most Likely Behavior),Preferred Stimulus Task Type (from Most Likely Behavior),Other Possible Stimulus Task Type (from Most Likely Behavior),Learner choice of stimulus (from Most Likely Behavior),Preferred Deliverable Task Type (from Most Likely Behavior),Other Possible Deliverable Task Type (from Most Likely Behavior),Learner choice of deliverable (from Most Likely Behavior)
Adapt,React,External,Interactive,Hypothetical / Simulated,Simulation,"Role Play,Real world demonstration",No choice,Observation,,No choice
Align,Think Critically (Prospective),Internal,Independent,Hypothetical / Simulated,Scenario,"Simulation,Real world project,Real world demonstration,Design project",Decided by program,*None: Must be paired with External Behavior*,,N/A
Apply,Think Critically (Prospective),Internal,Independent,Hypothetical / Simulated,Scenario,"Simulation,Real world project,Real world demonstration,Design project",Decided by program,*None: Must be paired with External Behavior*,,N/A
Appraise,Think Critically (Prospective),Internal,Independent,Hypothetical / Simulated,Scenario,"Simulation,Real world project,Real world demonstration,Design project",Decided by program,*None: Must be paired with External Behavior*,,N/A
Analyze,Think Critically (Prospective),Internal,Independent,Hypothetical / Simulated,Scenario,"Simulation,Real world project,Real world demonstration,Design project",Decided by program,*None: Must be paired with External Behavior*,,N/A
Articulate,Explain,External,Independent,Hypothetical / Simulated,Scenario,"Real world demonstration,Real world project,Design project",No choice,Answer questions,"Report,Presentation,Artifact",Always
Assess,Think Critically (Prospective),Internal,Independent,Hypothetical / Simulated,Scenario,"Simulation,Real world project,Real world demonstration,Design project",Decided by program,*None: Must be paired with External Behavior*,,N/A
Assign,"Think Critically (Prospective),Know / Understand,React","Internal,Internal,External","Independent,Independent,Interactive","Hypothetical / Simulated,Hypothetical / Simulated,Hypothetical / Simulated","Scenario,Scenario,Simulation","Simulation,Real world project,Real world demonstration,Design project,Real world demonstration,Real world project,Design project,Role Play,Real world demonstration","Decided by program,Decided by program,No choice","*None: Must be paired with External Behavior*,*None: Must be paired with External Behavior*,Observation",,"N/A,N/A,No choice"
Balance,Think Critically (Prospective),Internal,Independent,Hypothetical / Simulated,Scenario,"Simulation,Real world project,Real world demonstration,Design project",Decided by program,*None: Must be paired with External Behavior*,,N/A
Brainstorm,Create,External,Independent,Hypothetical / Simulated,Scenario,"Real world demonstration,Real world project,Design project",Always,Proposal / Prototype,"Observation,Artifact,Portfolio,Report,Presentation",Decided by Program
Build,Create,External,Independent,Hypothetical / Simulated,Scenario,"Real world demonstration,Real world project,Design project",Always,Proposal / Prototype,"Observation,Artifact,Portfolio,Report,Presentation",Decided by Program
Calculate,"Know / Understand,Think Critically (Prospective)","Internal,Internal","Independent,Independent","Hypothetical / Simulated,Hypothetical / Simulated","Scenario,Scenario","Real world demonstration,Real world project,Design project,Simulation,Real world project,Real world demonstration,Design project","Decided by program,Decided by program","*None: Must be paired with External Behavior*,*None: Must be paired with External Behavior*",,"N/A,N/A"
Choose,Decide / Select,External,Independent,Hypothetical / Simulated,Scenario,"Simulation,Real world project,Real world demonstration,Design project",No choice,Answer questions,"Report,Proposal / Prototype,Observation,Presentation,Artifact",Decided by Program
Classify,Know / Understand,Internal,Independent,Hypothetical / Simulated,Scenario,"Real world demonstration,Real world project,Design project",Decided by program,*None: Must be paired with External Behavior*,,N/A
Collaborate,Interact,External,Interactive,Hypothetical / Simulated,Role Play,"Simulation,Real world demonstration",No choice,Observation,Presentation,No choice
Communicate (Verbal),Interact,External,Interactive,Hypothetical / Simulated,Role Play,"Simulation,Real world demonstration",No choice,Observation,Presentation,No choice
Communicate (Written),Explain,External,Independent,Hypothetical / Simulated,Scenario,"Real world demonstration,Real world project,Design project",No choice,Answer questions,"Report,Presentation,Artifact",Always
Compare,"Know / Understand,Explain","Internal,External","Independent,Independent","Hypothetical / Simulated,Hypothetical / Simulated","Scenario,Scenario","Real world demonstration,Real world project,Design project,Real world demonstration,Real world project,Design project","Decided by program,No choice","*None: Must be paired with External Behavior*,Answer questions","Report,Presentation,Artifact","N/A,Always"
Conduct,Implement,External,Interactive,Real world,Real world demonstration,"Simulation,Real world demonstration",No choice,Report,"Portfolio,Observation,Presentation",Decided by Program
Construct,Create,External,Independent,Hypothetical / Simulated,Scenario,"Real world demonstration,Real world project,Design project",Always,Proposal / Prototype,"Observation,Artifact,Portfolio,Report,Presentation",Decided by Program
Create,Create,External,Independent,Hypothetical / Simulated,Scenario,"Real world demonstration,Real world project,Design project",Always,Proposal / Prototype,"Observation,Artifact,Portfolio,Report,Presentation",Decided by Program
Decide,Decide / Select,External,Independent,Hypothetical / Simulated,Scenario,"Simulation,Real world project,Real world demonstration,Design project",No choice,Answer questions,"Report,Proposal / Prototype,Observation,Presentation,Artifact",Decided by Program
Define,"Explain,Decide / Select","External,External","Independent,Independent","Hypothetical / Simulated,Hypothetical / Simulated","Scenario,Scenario","Real world demonstration,Real world project,Design project,Simulation,Real world project,Real world demonstration,Design project","No choice,No choice","Answer questions,Answer questions","Report,Presentation,Artifact,Report,Proposal / Prototype,Observation,Presentation,Artifact","Always,Decided by Program"
Deliver,Implement,External,Interactive,Real world,Real world demonstration,"Simulation,Real world demonstration",No choice,Report,"Portfolio,Observation,Presentation",Decided by Program
Demonstrate,Implement,External,Interactive,Real world,Real world demonstration,"Simulation,Real world demonstration",No choice,Report,"Portfolio,Observation,Presentation",Decided by Program
Deploy,Implement,External,Interactive,Real world,Real world demonstration,"Simulation,Real world demonstration",No choice,Report,"Portfolio,Observation,Presentation",Decided by Program
Describe,Explain,External,Independent,Hypothetical / Simulated,Scenario,"Real world demonstration,Real world project,Design project",No choice,Answer questions,"Report,Presentation,Artifact",Always
Design,Create,External,Independent,Hypothetical / Simulated,Scenario,"Real world demonstration,Real world project,Design project",Always,Proposal / Prototype,"Observation,Artifact,Portfolio,Report,Presentation",Decided by Program
Determine,"Know / Understand,Think Critically (Prospective)","Internal,Internal","Independent,Independent","Hypothetical / Simulated,Hypothetical / Simulated","Scenario,Scenario","Real world demonstration,Real world project,Design project,Simulation,Real world project,Real world demonstration,Design project","Decided by program,Decided by program","*None: Must be paired with External Behavior*,*None: Must be paired with External Behavior*",,"N/A,N/A"
Develop,Create,External,Independent,Hypothetical / Simulated,Scenario,"Real world demonstration,Real world project,Design project",Always,Proposal / Prototype,"Observation,Artifact,Portfolio,Report,Presentation",Decided by Program
Devise,Create,External,Independent,Hypothetical / Simulated,Scenario,"Real world demonstration,Real world project,Design project",Always,Proposal / Prototype,"Observation,Artifact,Portfolio,Report,Presentation",Decided by Program
Differentiate,Know / Understand,Internal,Independent,Hypothetical / Simulated,Scenario,"Real world demonstration,Real world project,Design project",Decided by program,*None: Must be paired with External Behavior*,,N/A
Discern,"Think Critically (Prospective),Decide / Select","Internal,External","Independent,Independent","Hypothetical / Simulated,Hypothetical / Simulated","Scenario,Scenario","Simulation,Real world project,Real world demonstration,Design project,Simulation,Real world project,Real world demonstration,Design project","Decided by program,No choice","*None: Must be paired with External Behavior*,Answer questions","Report,Proposal / Prototype,Observation,Presentation,Artifact","N/A,Decided by Program"
Document,"Show Evidence,Explain","External,External","Independent,Independent","Real world,Hypothetical / Simulated","Real world demonstration,Scenario","Real world project,Real world demonstration,Real world project,Design project","No choice,No choice","Portfolio,Answer questions","Artifact,Observation,Report,Presentation,Report,Presentation,Artifact","Decided by Program,Always"
Employ,Implement,External,Interactive,Real world,Real world demonstration,"Simulation,Real world demonstration",No choice,Report,"Portfolio,Observation,Presentation",Decided by Program
Engage,Interact,External,Interactive,Hypothetical / Simulated,Role Play,"Simulation,Real world demonstration",No choice,Observation,Presentation,No choice
Evaluate,Think Critically (Retrospective),Internal,Independent,Real world,Real world demonstration,"Scenario,Real world project",Decided by program,*None: Must be paired with External Behavior*,,N/A
Explain,Explain,External,Independent,Hypothetical / Simulated,Scenario,"Real world demonstration,Real world project,Design project",No choice,Answer questions,"Report,Presentation,Artifact",Always
Faciliate,Interact,External,Interactive,Hypothetical / Simulated,Role Play,"Simulation,Real world demonstration",No choice,Observation,Presentation,No choice
Formulate,Think Critically (Prospective),Internal,Independent,Hypothetical / Simulated,Scenario,"Simulation,Real world project,Real world demonstration,Design project",Decided by program,*None: Must be paired with External Behavior*,,N/A
Generate,Create,External,Independent,Hypothetical / Simulated,Scenario,"Real world demonstration,Real world project,Design project",Always,Proposal / Prototype,"Observation,Artifact,Portfolio,Report,Presentation",Decided by Program
Give feedback,Interact,External,Interactive,Hypothetical / Simulated,Role Play,"Simulation,Real world demonstration",No choice,Observation,Presentation,No choice
Identify,Know / Understand,Internal,Independent,Hypothetical / Simulated,Scenario,"Real world demonstration,Real world project,Design project",Decided by program,*None: Must be paired with External Behavior*,,N/A
Implement,Implement,External,Interactive,Real world,Real world demonstration,"Simulation,Real world demonstration",No choice,Report,"Portfolio,Observation,Presentation",Decided by Program
Influence,Interact,External,Interactive,Hypothetical / Simulated,Role Play,"Simulation,Real world demonstration",No choice,Observation,Presentation,No choice
Interact,Interact,External,Interactive,Hypothetical / Simulated,Role Play,"Simulation,Real world demonstration",No choice,Observation,Presentation,No choice
Interpret,"Know / Understand,Think Critically (Prospective)","Internal,Internal","Independent,Independent","Hypothetical / Simulated,Hypothetical / Simulated","Scenario,Scenario","Real world demonstration,Real world project,Design project,Simulation,Real world project,Real world demonstration,Design project","Decided by program,Decided by program","*None: Must be paired with External Behavior*,*None: Must be paired with External Behavior*",,"N/A,N/A"
Iterate,React,External,Interactive,Hypothetical / Simulated,Simulation,"Role Play,Real world demonstration",No choice,Observation,,No choice
Justify,Explain,External,Independent,Hypothetical / Simulated,Scenario,"Real world demonstration,Real world project,Design project",No choice,Answer questions,"Report,Presentation,Artifact",Always
Lead,"Implement,Interact","External,External","Interactive,Interactive","Real world,Hypothetical / Simulated","Real world demonstration,Role Play","Simulation,Real world demonstration,Simulation,Real world demonstration","No choice,No choice","Report,Observation","Portfolio,Observation,Presentation,Presentation","Decided by Program,No choice"
Leverage,"Think Critically (Prospective),React","Internal,External","Independent,Interactive","Hypothetical / Simulated,Hypothetical / Simulated","Scenario,Simulation","Simulation,Real world project,Real world demonstration,Design project,Role Play,Real world demonstration","Decided by program,No choice","*None: Must be paired with External Behavior*,Observation",,"N/A,No choice"
Make,Create,External,Independent,Hypothetical / Simulated,Scenario,"Real world demonstration,Real world project,Design project",Always,Proposal / Prototype,"Observation,Artifact,Portfolio,Report,Presentation",Decided by Program
Manage,"Implement,React","External,External","Interactive,Interactive","Real world,Hypothetical / Simulated","Real world demonstration,Simulation","Simulation,Real world demonstration,Role Play,Real world demonstration","No choice,No choice","Report,Observation","Portfolio,Observation,Presentation","Decided by Program,No choice"
Measure,"Think Critically (Prospective),Implement","Internal,External","Independent,Interactive","Hypothetical / Simulated,Real world","Scenario,Real world demonstration","Simulation,Real world project,Real world demonstration,Design project,Simulation,Real world demonstration","Decided by program,No choice","*None: Must be paired with External Behavior*,Report","Portfolio,Observation,Presentation","N/A,Decided by Program"
Monitor,React,External,Interactive,Hypothetical / Simulated,Simulation,"Role Play,Real world demonstration",No choice,Observation,,No choice
Negotiate,Interact,External,Interactive,Hypothetical / Simulated,Role Play,"Simulation,Real world demonstration",No choice,Observation,Presentation,No choice
Observe,Think Critically (Prospective),Internal,Independent,Hypothetical / Simulated,Scenario,"Simulation,Real world project,Real world demonstration,Design project",Decided by program,*None: Must be paired with External Behavior*,,N/A
Organize,"Create,Implement","External,External","Independent,Interactive","Hypothetical / Simulated,Real world","Scenario,Real world demonstration","Real world demonstration,Real world project,Design project,Simulation,Real world demonstration","Always,No choice","Proposal / Prototype,Report","Observation,Artifact,Portfolio,Report,Presentation,Portfolio,Observation,Presentation","Decided by Program,Decided by Program"
Outline,Think Critically (Prospective),Internal,Independent,Hypothetical / Simulated,Scenario,"Simulation,Real world project,Real world demonstration,Design project",Decided by program,*None: Must be paired with External Behavior*,,N/A
Perform,Implement,External,Interactive,Real world,Real world demonstration,"Simulation,Real world demonstration",No choice,Report,"Portfolio,Observation,Presentation",Decided by Program
Persuade,Interact,External,Interactive,Hypothetical / Simulated,Role Play,"Simulation,Real world demonstration",No choice,Observation,Presentation,No choice
Plan,Create,External,Independent,Hypothetical / Simulated,Scenario,"Real world demonstration,Real world project,Design project",Always,Proposal / Prototype,"Observation,Artifact,Portfolio,Report,Presentation",Decided by Program
Prioritize,Think Critically (Prospective),Internal,Independent,Hypothetical / Simulated,Scenario,"Simulation,Real world project,Real world demonstration,Design project",Decided by program,*None: Must be paired with External Behavior*,,N/A
Procure,Implement,External,Interactive,Real world,Real world demonstration,"Simulation,Real world demonstration",No choice,Report,"Portfolio,Observation,Presentation",Decided by Program
Propose,Create,External,Independent,Hypothetical / Simulated,Scenario,"Real world demonstration,Real world project,Design project",Always,Proposal / Prototype,"Observation,Artifact,Portfolio,Report,Presentation",Decided by Program
Provide (evidence),Show Evidence,External,Independent,Real world,Real world demonstration,Real world project,No choice,Portfolio,"Artifact,Observation,Report,Presentation",Decided by Program
Receive feedback,Interact,External,Interactive,Hypothetical / Simulated,Role Play,"Simulation,Real world demonstration",No choice,Observation,Presentation,No choice
Recognize,Know / Understand,Internal,Independent,Hypothetical / Simulated,Scenario,"Real world demonstration,Real world project,Design project",Decided by program,*None: Must be paired with External Behavior*,,N/A
Recommend,Think Critically (Prospective),Internal,Independent,Hypothetical / Simulated,Scenario,"Simulation,Real world project,Real world demonstration,Design project",Decided by program,*None: Must be paired with External Behavior*,,N/A
Record,Show Evidence,External,Independent,Real world,Real world demonstration,Real world project,No choice,Portfolio,"Artifact,Observation,Report,Presentation",Decided by Program
Reflect,Think Critically (Retrospective),Internal,Independent,Real world,Real world demonstration,"Scenario,Real world project",Decided by program,*None: Must be paired with External Behavior*,,N/A
Report,"Show Evidence,Explain","External,External","Independent,Independent","Real world,Hypothetical / Simulated","Real world demonstration,Scenario","Real world project,Real world demonstration,Real world project,Design project","No choice,No choice","Portfolio,Answer questions","Artifact,Observation,Report,Presentation,Report,Presentation,Artifact","Decided by Program,Always"
Research,Think Critically (Prospective),Internal,Independent,Hypothetical / Simulated,Scenario,"Simulation,Real world project,Real world demonstration,Design project",Decided by program,*None: Must be paired with External Behavior*,,N/A
Resolve,React,External,Interactive,Hypothetical / Simulated,Simulation,"Role Play,Real world demonstration",No choice,Observation,,No choice
Respond,React,External,Interactive,Hypothetical / Simulated,Simulation,"Role Play,Real world demonstration",No choice,Observation,,No choice
Review,"Think Critically (Retrospective),Think Critically (Prospective)","Internal,Internal","Independent,Independent","Real world,Hypothetical / Simulated","Real world demonstration,Scenario","Scenario,Real world project,Simulation,Real world project,Real world demonstration,Design project","Decided by program,Decided by program","*None: Must be paired with External Behavior*,*None: Must be paired with External Behavior*",,"N/A,N/A"
Select,Decide / Select,External,Independent,Hypothetical / Simulated,Scenario,"Simulation,Real world project,Real world demonstration,Design project",No choice,Answer questions,"Report,Proposal / Prototype,Observation,Presentation,Artifact",Decided by Program
Show,Show Evidence,External,Independent,Real world,Real world demonstration,Real world project,No choice,Portfolio,"Artifact,Observation,Report,Presentation",Decided by Program
Support,React,External,Interactive,Hypothetical / Simulated,Simulation,"Role Play,Real world demonstration",No choice,Observation,,No choice
Synthesize,Think Critically (Prospective),Internal,Independent,Hypothetical / Simulated,Scenario,"Simulation,Real world project,Real world demonstration,Design project",Decided by program,*None: Must be paired with External Behavior*,,N/A
Teach,Interact,External,Interactive,Hypothetical / Simulated,Role Play,"Simulation,Real world demonstration",No choice,Observation,Presentation,No choice
Test,Implement,External,Interactive,Real world,Real world demonstration,"Simulation,Real world demonstration",No choice,Report,"Portfolio,Observation,Presentation",Decided by Program
Update,React,External,Interactive,Hypothetical / Simulated,Simulation,"Role Play,Real world demonstration",No choice,Observation,,No choice
Use/Utilize,"Implement,Know / Understand","External,Internal","Interactive,Independent","Real world,Hypothetical / Simulated","Real world demonstration,Scenario","Simulation,Real world demonstration,Real world demonstration,Real world project,Design project","No choice,Decided by program","Report,*None: Must be paired with External Behavior*","Portfolio,Observation,Presentation","Decided by Program,N/A"
Verify,Think Critically (Prospective),Internal,Independent,Hypothetical / Simulated,Scenario,"Simulation,Real world project,Real world demonstration,Design project",Decided by program,*None: Must be paired with External Behavior*,,N/A
Write,Explain,External,Independent,Hypothetical / Simulated,Scenario,"Real world demonstration,Real world project,Design project",No choice,Answer questions,"Report,Presentation,Artifact",Always
Hypothesize,Investigate / Inquire,External,Independent,Real world or simulated,Inquiry / Investigation,"Lab practicum, Primary-source/document-based assessment, Real world project",Decided by program,Lab notebook / Research log,"Evidence matrix, Report, Research poster",Decided by program
Inquire,Investigate / Inquire,External,Independent,Real world or simulated,Inquiry / Investigation,"Lab practicum, Primary-source/document-based assessment, Real world project",Decided by program,Lab notebook / Research log,"Evidence matrix, Report, Research poster",Decided by program
Explore,Investigate / Inquire,External,Independent,Real world or simulated,Inquiry / Investigation,"Lab practicum, Primary-source/document-based assessment, Real world project",Decided by program,Lab notebook / Research log,"Evidence matrix, Report, Research poster",Decided by program
Sample,Investigate / Inquire,External,Independent,Real world or simulated,Inquiry / Investigation,"Lab practicum, Primary-source/document-based assessment, Real world project",Decided by program,Lab notebook / Research log,"Evidence matrix, Report, Research poster",Decided by program
Collect,Investigate / Inquire,External,Independent,Real world or simulated,Inquiry / Investigation,"Lab practicum, Primary-source/document-based assessment, Real world project",Decided by program,Lab notebook / Research log,"Evidence matrix, Report, Research poster",Decided by program
Triangulate,Investigate / Inquire,External,Independent,Real world or simulated,Inquiry / Investigation,"Lab practicum, Primary-source/document-based assessment, Real world project",Decided by program,Lab notebook / Research log,"Evidence matrix, Report, Research poster",Decided by program
Corroborate,Investigate / Inquire,External,Independent,Real world or simulated,Inquiry / Investigation,"Lab practicum, Primary-source/document-based assessment, Real world project",Decided by program,Lab notebook / Research log,"Evidence matrix, Report, Research poster",Decided by program
Interview,Investigate / Inquire,External,Independent,Real world or simulated,Inquiry / Investigation,"Lab practicum, Primary-source/document-based assessment, Real world project",Decided by program,Lab notebook / Research log,"Evidence matrix, Report, Research poster",Decided by program
Survey,Investigate / Inquire,External,Independent,Real world or simulated,Inquiry / Investigation,"Lab practicum, Primary-source/document-based assessment, Real world project",Decided by program,Lab notebook / Research log,"Evidence matrix, Report, Research poster",Decided by program
Extract,Investigate / Inquire,External,Independent,Real world or simulated,Inquiry / Investigation,"Lab practicum, Primary-source/document-based assessment, Real world project",Decided by program,Lab notebook / Research log,"Evidence matrix, Report, Research poster",Decided by program
Code data,Investigate / Inquire,External,Independent,Real world or simulated,Inquiry / Investigation,"Lab practicum, Primary-source/document-based assessment, Real world project",Decided by program,Lab notebook / Research log,"Evidence matrix, Report, Research poster",Decided by program
Contextualize,Investigate / Inquire,External,Independent,Real world or simulated,Inquiry / Investigation,"Lab practicum, Primary-source/document-based assessment, Real world project",Decided by program,Lab notebook / Research log,"Evidence matrix, Report, Research poster",Decided by program
Source,Investigate / Inquire,External,Independent,Real world or simulated,Inquiry / Investigation,"Lab practicum, Primary-source/document-based assessment, Real world project",Decided by program,Lab notebook / Research log,"Evidence matrix, Report, Research poster",Decided by program
Model,Model / Represent,External,Independent,Hypothetical / Simulated or real world,Modeling task,"Data analysis practicum, Design project, Scenario",Decided by program,Model / Concept map / Diagram,"Dashboard, Technical appendix, Oral defense",Decided by program
Represent,Model / Represent,External,Independent,Hypothetical / Simulated or real world,Modeling task,"Data analysis practicum, Design project, Scenario",Decided by program,Model / Concept map / Diagram,"Dashboard, Technical appendix, Oral defense",Decided by program
Map,Model / Represent,External,Independent,Hypothetical / Simulated or real world,Modeling task,"Data analysis practicum, Design project, Scenario",Decided by program,Model / Concept map / Diagram,"Dashboard, Technical appendix, Oral defense",Decided by program
Diagram,Model / Represent,External,Independent,Hypothetical / Simulated or real world,Modeling task,"Data analysis practicum, Design project, Scenario",Decided by program,Model / Concept map / Diagram,"Dashboard, Technical appendix, Oral defense",Decided by program
Visualize,Model / Represent,External,Independent,Hypothetical / Simulated or real world,Modeling task,"Data analysis practicum, Design project, Scenario",Decided by program,Model / Concept map / Diagram,"Dashboard, Technical appendix, Oral defense",Decided by program
Graph,Model / Represent,External,Independent,Hypothetical / Simulated or real world,Modeling task,"Data analysis practicum, Design project, Scenario",Decided by program,Model / Concept map / Diagram,"Dashboard, Technical appendix, Oral defense",Decided by program
Estimate,Model / Represent,External,Independent,Hypothetical / Simulated or real world,Modeling task,"Data analysis practicum, Design project, Scenario",Decided by program,Model / Concept map / Diagram,"Dashboard, Technical appendix, Oral defense",Decided by program
Forecast,Model / Represent,External,Independent,Hypothetical / Simulated or real world,Modeling task,"Data analysis practicum, Design project, Scenario",Decided by program,Model / Concept map / Diagram,"Dashboard, Technical appendix, Oral defense",Decided by program
Predict,Model / Represent,External,Independent,Hypothetical / Simulated or real world,Modeling task,"Data analysis practicum, Design project, Scenario",Decided by program,Model / Concept map / Diagram,"Dashboard, Technical appendix, Oral defense",Decided by program
Parameterize,Model / Represent,External,Independent,Hypothetical / Simulated or real world,Modeling task,"Data analysis practicum, Design project, Scenario",Decided by program,Model / Concept map / Diagram,"Dashboard, Technical appendix, Oral defense",Decided by program
Optimize,Model / Represent,External,Independent,Hypothetical / Simulated or real world,Modeling task,"Data analysis practicum, Design project, Scenario",Decided by program,Model / Concept map / Diagram,"Dashboard, Technical appendix, Oral defense",Decided by program
Critique,Critique / Calibrate,External,Independent or interactive,Real world or simulated,Peer review / Calibration,"Design critique / Studio review, Oral exam / Viva",Decided by program,Peer review report / Calibration note,"Rubric-scored evaluation, Annotated artifact",Decided by program
Audit,Critique / Calibrate,External,Independent or interactive,Real world or simulated,Peer review / Calibration,"Design critique / Studio review, Oral exam / Viva",Decided by program,Peer review report / Calibration note,"Rubric-scored evaluation, Annotated artifact",Decided by program
Calibrate,Critique / Calibrate,External,Independent or interactive,Real world or simulated,Peer review / Calibration,"Design critique / Studio review, Oral exam / Viva",Decided by program,Peer review report / Calibration note,"Rubric-scored evaluation, Annotated artifact",Decided by program
Benchmark,Critique / Calibrate,External,Independent or interactive,Real world or simulated,Peer review / Calibration,"Design critique / Studio review, Oral exam / Viva",Decided by program,Peer review report / Calibration note,"Rubric-scored evaluation, Annotated artifact",Decided by program
Rate,Critique / Calibrate,External,Independent or interactive,Real world or simulated,Peer review / Calibration,"Design critique / Studio review, Oral exam / Viva",Decided by program,Peer review report / Calibration note,"Rubric-scored evaluation, Annotated artifact",Decided by program
Score,Critique / Calibrate,External,Independent or interactive,Real world or simulated,Peer review / Calibration,"Design critique / Studio review, Oral exam / Viva",Decided by program,Peer review report / Calibration note,"Rubric-scored evaluation, Annotated artifact",Decided by program
Peer-review,Critique / Calibrate,External,Independent or interactive,Real world or simulated,Peer review / Calibration,"Design critique / Studio review, Oral exam / Viva",Decided by program,Peer review report / Calibration note,"Rubric-scored evaluation, Annotated artifact",Decided by program
Rubric-score,Critique / Calibrate,External,Independent or interactive,Real world or simulated,Peer review / Calibration,"Design critique / Studio review, Oral exam / Viva",Decided by program,Peer review report / Calibration note,"Rubric-scored evaluation, Annotated artifact",Decided by program
Argue,Argue / Defend,External,Independent or interactive,Hypothetical / Simulated or real world,Structured debate / Moot court,"Case-based decision memo, Primary-source/document-based assessment, Oral exam / Viva",Decided by program,Evidence-based argument / Debate brief,"Oral defense, Argument map, Source analysis packet",Decided by program
Defend,Argue / Defend,External,Independent or interactive,Hypothetical / Simulated or real world,Structured debate / Moot court,"Case-based decision memo, Primary-source/document-based assessment, Oral exam / Viva",Decided by program,Evidence-based argument / Debate brief,"Oral defense, Argument map, Source analysis packet",Decided by program
Substantiate,Argue / Defend,External,Independent or interactive,Hypothetical / Simulated or real world,Structured debate / Moot court,"Case-based decision memo, Primary-source/document-based assessment, Oral exam / Viva",Decided by program,Evidence-based argument / Debate brief,"Oral defense, Argument map, Source analysis packet",Decided by program
Cite,Argue / Defend,External,Independent or interactive,Hypothetical / Simulated or real world,Structured debate / Moot court,"Case-based decision memo, Primary-source/document-based assessment, Oral exam / Viva",Decided by program,Evidence-based argument / Debate brief,"Oral defense, Argument map, Source analysis packet",Decided by program
Refute,Argue / Defend,External,Independent or interactive,Hypothetical / Simulated or real world,Structured debate / Moot court,"Case-based decision memo, Primary-source/document-based assessment, Oral exam / Viva",Decided by program,Evidence-based argument / Debate brief,"Oral defense, Argument map, Source analysis packet",Decided by program
Advocate,Argue / Defend,External,Independent or interactive,Hypothetical / Simulated or real world,Structured debate / Moot court,"Case-based decision memo, Primary-source/document-based assessment, Oral exam / Viva",Decided by program,Evidence-based argument / Debate brief,"Oral defense, Argument map, Source analysis packet",Decided by program
Debate,Argue / Defend,External,Independent or interactive,Hypothetical / Simulated or real world,Structured debate / Moot court,"Case-based decision memo, Primary-source/document-based assessment, Oral exam / Viva",Decided by program,Evidence-based argument / Debate brief,"Oral defense, Argument map, Source analysis packet",Decided by program
Warrant,Argue / Defend,External,Independent or interactive,Hypothetical / Simulated or real world,Structured debate / Moot court,"Case-based decision memo, Primary-source/document-based assessment, Oral exam / Viva",Decided by program,Evidence-based argument / Debate brief,"Oral defense, Argument map, Source analysis packet",Decided by program
Claim,Argue / Defend,External,Independent or interactive,Hypothetical / Simulated or real world,Structured debate / Moot court,"Case-based decision memo, Primary-source/document-based assessment, Oral exam / Viva",Decided by program,Evidence-based argument / Debate brief,"Oral defense, Argument map, Source analysis packet",Decided by program
Diagnose,Troubleshoot / Diagnose,External,Independent,Hypothetical / Simulated or real world,Diagnostic scenario / Simulation,"Code walkthrough / Interview, Lab practicum, OSCE / Standardized client station",No choice,Troubleshooting report / Diagnosis note,"Observation checklist, Code repository, Oral defense",Decided by program
Troubleshoot,Troubleshoot / Diagnose,External,Independent,Hypothetical / Simulated or real world,Diagnostic scenario / Simulation,"Code walkthrough / Interview, Lab practicum, OSCE / Standardized client station",No choice,Troubleshooting report / Diagnosis note,"Observation checklist, Code repository, Oral defense",Decided by program
Debug,Troubleshoot / Diagnose,External,Independent,Hypothetical / Simulated or real world,Diagnostic scenario / Simulation,"Code walkthrough / Interview, Lab practicum, OSCE / Standardized client station",No choice,Troubleshooting report / Diagnosis note,"Observation checklist, Code repository, Oral defense",Decided by program
Triage,Troubleshoot / Diagnose,External,Independent,Hypothetical / Simulated or real world,Diagnostic scenario / Simulation,"Code walkthrough / Interview, Lab practicum, OSCE / Standardized client station",No choice,Troubleshooting report / Diagnosis note,"Observation checklist, Code repository, Oral defense",Decided by program
Isolate,Troubleshoot / Diagnose,External,Independent,Hypothetical / Simulated or real world,Diagnostic scenario / Simulation,"Code walkthrough / Interview, Lab practicum, OSCE / Standardized client station",No choice,Troubleshooting report / Diagnosis note,"Observation checklist, Code repository, Oral defense",Decided by program
Inspect,Troubleshoot / Diagnose,External,Independent,Hypothetical / Simulated or real world,Diagnostic scenario / Simulation,"Code walkthrough / Interview, Lab practicum, OSCE / Standardized client station",No choice,Troubleshooting report / Diagnosis note,"Observation checklist, Code repository, Oral defense",Decided by program
Repair,Troubleshoot / Diagnose,External,Independent,Hypothetical / Simulated or real world,Diagnostic scenario / Simulation,"Code walkthrough / Interview, Lab practicum, OSCE / Standardized client station",No choice,Troubleshooting report / Diagnosis note,"Observation checklist, Code repository, Oral defense",Decided by program
Configure,Troubleshoot / Diagnose,External,Independent,Hypothetical / Simulated or real world,Diagnostic scenario / Simulation,"Code walkthrough / Interview, Lab practicum, OSCE / Standardized client station",No choice,Troubleshooting report / Diagnosis note,"Observation checklist, Code repository, Oral defense",Decided by program
Remediate,Troubleshoot / Diagnose,External,Independent,Hypothetical / Simulated or real world,Diagnostic scenario / Simulation,"Code walkthrough / Interview, Lab practicum, OSCE / Standardized client station",No choice,Troubleshooting report / Diagnosis note,"Observation checklist, Code repository, Oral defense",Decided by program
Correct,Troubleshoot / Diagnose,External,Independent,Hypothetical / Simulated or real world,Diagnostic scenario / Simulation,"Code walkthrough / Interview, Lab practicum, OSCE / Standardized client station",No choice,Troubleshooting report / Diagnosis note,"Observation checklist, Code repository, Oral defense",Decided by program
Refactor,Troubleshoot / Diagnose,External,Independent,Hypothetical / Simulated or real world,Diagnostic scenario / Simulation,"Code walkthrough / Interview, Lab practicum, OSCE / Standardized client station",No choice,Troubleshooting report / Diagnosis note,"Observation checklist, Code repository, Oral defense",Decided by program
Self-assess,Self-Regulate / Revise,External,Independent,Real world,Process-product portfolio assessment,"Peer review / Calibration, Design critique / Studio review, Real world project",Always,Process log / Revision memo,"Portfolio reflection, Prototype iteration history",Always
Revise,Self-Regulate / Revise,External,Independent,Real world,Process-product portfolio assessment,"Peer review / Calibration, Design critique / Studio review, Real world project",Always,Process log / Revision memo,"Portfolio reflection, Prototype iteration history",Always
Rehearse,Self-Regulate / Revise,External,Independent,Real world,Process-product portfolio assessment,"Peer review / Calibration, Design critique / Studio review, Real world project",Always,Process log / Revision memo,"Portfolio reflection, Prototype iteration history",Always
Track,Self-Regulate / Revise,External,Independent,Real world,Process-product portfolio assessment,"Peer review / Calibration, Design critique / Studio review, Real world project",Always,Process log / Revision memo,"Portfolio reflection, Prototype iteration history",Always
Set goals,Self-Regulate / Revise,External,Independent,Real world,Process-product portfolio assessment,"Peer review / Calibration, Design critique / Studio review, Real world project",Always,Process log / Revision memo,"Portfolio reflection, Prototype iteration history",Always
Seek feedback,Self-Regulate / Revise,External,Independent,Real world,Process-product portfolio assessment,"Peer review / Calibration, Design critique / Studio review, Real world project",Always,Process log / Revision memo,"Portfolio reflection, Prototype iteration history",Always
Improve,Self-Regulate / Revise,External,Independent,Real world,Process-product portfolio assessment,"Peer review / Calibration, Design critique / Studio review, Real world project",Always,Process log / Revision memo,"Portfolio reflection, Prototype iteration history",Always
Rework,Self-Regulate / Revise,External,Independent,Real world,Process-product portfolio assessment,"Peer review / Calibration, Design critique / Studio review, Real world project",Always,Process log / Revision memo,"Portfolio reflection, Prototype iteration history",Always
Coordinate,Collaborate / Coordinate,External,Interactive,Real world or simulated,Team project with individual accountability,"Role Play, Simulation, Peer review / Calibration",Decided by program,Team process evidence,"Peer evaluation, Meeting artifacts, Contribution statement",Decided by program
Co-create,Collaborate / Coordinate,External,Interactive,Real world or simulated,Team project with individual accountability,"Role Play, Simulation, Peer review / Calibration",Decided by program,Team process evidence,"Peer evaluation, Meeting artifacts, Contribution statement",Decided by program
Co-author,Collaborate / Coordinate,External,Interactive,Real world or simulated,Team project with individual accountability,"Role Play, Simulation, Peer review / Calibration",Decided by program,Team process evidence,"Peer evaluation, Meeting artifacts, Contribution statement",Decided by program
Mediate,Collaborate / Coordinate,External,Interactive,Real world or simulated,Team project with individual accountability,"Role Play, Simulation, Peer review / Calibration",Decided by program,Team process evidence,"Peer evaluation, Meeting artifacts, Contribution statement",Decided by program
Facilitate,Collaborate / Coordinate,External,Interactive,Real world or simulated,Team project with individual accountability,"Role Play, Simulation, Peer review / Calibration",Decided by program,Team process evidence,"Peer evaluation, Meeting artifacts, Contribution statement",Decided by program
Mentor,Collaborate / Coordinate,External,Interactive,Real world or simulated,Team project with individual accountability,"Role Play, Simulation, Peer review / Calibration",Decided by program,Team process evidence,"Peer evaluation, Meeting artifacts, Contribution statement",Decided by program
Consult,Collaborate / Coordinate,External,Interactive,Real world or simulated,Team project with individual accountability,"Role Play, Simulation, Peer review / Calibration",Decided by program,Team process evidence,"Peer evaluation, Meeting artifacts, Contribution statement",Decided by program
Delegate,Collaborate / Coordinate,External,Interactive,Real world or simulated,Team project with individual accountability,"Role Play, Simulation, Peer review / Calibration",Decided by program,Team process evidence,"Peer evaluation, Meeting artifacts, Contribution statement",Decided by program
Contribute,Collaborate / Coordinate,External,Interactive,Real world or simulated,Team project with individual accountability,"Role Play, Simulation, Peer review / Calibration",Decided by program,Team process evidence,"Peer evaluation, Meeting artifacts, Contribution statement",Decided by program
Integrate,Collaborate / Coordinate,External,Interactive,Real world or simulated,Team project with individual accountability,"Role Play, Simulation, Peer review / Calibration",Decided by program,Team process evidence,"Peer evaluation, Meeting artifacts, Contribution statement",Decided by program
Weigh,Ethical / Professional Judgment,External,Independent or interactive,Real world or simulated,Ethical dilemma / Professional judgment case,"OSCE / Standardized client station, Case-based decision memo, Simulation",No choice,Decision memo / Ethical rationale,"Oral defense, Client communication artifact, Care plan",Decided by program
Mitigate,Ethical / Professional Judgment,External,Independent or interactive,Real world or simulated,Ethical dilemma / Professional judgment case,"OSCE / Standardized client station, Case-based decision memo, Simulation",No choice,Decision memo / Ethical rationale,"Oral defense, Client communication artifact, Care plan",Decided by program
Disclose,Ethical / Professional Judgment,External,Independent or interactive,Real world or simulated,Ethical dilemma / Professional judgment case,"OSCE / Standardized client station, Case-based decision memo, Simulation",No choice,Decision memo / Ethical rationale,"Oral defense, Client communication artifact, Care plan",Decided by program
Safeguard,Ethical / Professional Judgment,External,Independent or interactive,Real world or simulated,Ethical dilemma / Professional judgment case,"OSCE / Standardized client station, Case-based decision memo, Simulation",No choice,Decision memo / Ethical rationale,"Oral defense, Client communication artifact, Care plan",Decided by program
Comply,Ethical / Professional Judgment,External,Independent or interactive,Real world or simulated,Ethical dilemma / Professional judgment case,"OSCE / Standardized client station, Case-based decision memo, Simulation",No choice,Decision memo / Ethical rationale,"Oral defense, Client communication artifact, Care plan",Decided by program
Consent,Ethical / Professional Judgment,External,Independent or interactive,Real world or simulated,Ethical dilemma / Professional judgment case,"OSCE / Standardized client station, Case-based decision memo, Simulation",No choice,Decision memo / Ethical rationale,"Oral defense, Client communication artifact, Care plan",Decided by program
Escalate,Ethical / Professional Judgment,External,Independent or interactive,Real world or simulated,Ethical dilemma / Professional judgment case,"OSCE / Standardized client station, Case-based decision memo, Simulation",No choice,Decision memo / Ethical rationale,"Oral defense, Client communication artifact, Care plan",Decided by program
Adhere,Ethical / Professional Judgment,External,Independent or interactive,Real world or simulated,Ethical dilemma / Professional judgment case,"OSCE / Standardized client station, Case-based decision memo, Simulation",No choice,Decision memo / Ethical rationale,"Oral defense, Client communication artifact, Care plan",Decided by program
Protect,Ethical / Professional Judgment,External,Independent or interactive,Real world or simulated,Ethical dilemma / Professional judgment case,"OSCE / Standardized client station, Case-based decision memo, Simulation",No choice,Decision memo / Ethical rationale,"Oral defense, Client communication artifact, Care plan",Decided by program
Authorize,Ethical / Professional Judgment,External,Independent or interactive,Real world or simulated,Ethical dilemma / Professional judgment case,"OSCE / Standardized client station, Case-based decision memo, Simulation",No choice,Decision memo / Ethical rationale,"Oral defense, Client communication artifact, Care plan",Decided by program
Execute,Perform Procedure / Technique,External,Independent,Real world or simulated,Performance task / Skills check,"Lab practicum, OSCE / Standardized client station, Real world demonstration",No choice,Rubric-scored observation checklist,"Video demonstration, Artifact, Lab notebook",No choice
Operate,Perform Procedure / Technique,External,Independent,Real world or simulated,Performance task / Skills check,"Lab practicum, OSCE / Standardized client station, Real world demonstration",No choice,Rubric-scored observation checklist,"Video demonstration, Artifact, Lab notebook",No choice
Administer,Perform Procedure / Technique,External,Independent,Real world or simulated,Performance task / Skills check,"Lab practicum, OSCE / Standardized client station, Real world demonstration",No choice,Rubric-scored observation checklist,"Video demonstration, Artifact, Lab notebook",No choice
Assemble,Perform Procedure / Technique,External,Independent,Real world or simulated,Performance task / Skills check,"Lab practicum, OSCE / Standardized client station, Real world demonstration",No choice,Rubric-scored observation checklist,"Video demonstration, Artifact, Lab notebook",No choice
Fabricate,Perform Procedure / Technique,External,Independent,Real world or simulated,Performance task / Skills check,"Lab practicum, OSCE / Standardized client station, Real world demonstration",No choice,Rubric-scored observation checklist,"Video demonstration, Artifact, Lab notebook",No choice
Manipulate,Perform Procedure / Technique,External,Independent,Real world or simulated,Performance task / Skills check,"Lab practicum, OSCE / Standardized client station, Real world demonstration",No choice,Rubric-scored observation checklist,"Video demonstration, Artifact, Lab notebook",No choice
Capture,Perform Procedure / Technique,External,Independent,Real world or simulated,Performance task / Skills check,"Lab practicum, OSCE / Standardized client station, Real world demonstration",No choice,Rubric-scored observation checklist,"Video demonstration, Artifact, Lab notebook",No choice
Prepare,Perform Procedure / Technique,External,Independent,Real world or simulated,Performance task / Skills check,"Lab practicum, OSCE / Standardized client station, Real world demonstration",No choice,Rubric-scored observation checklist,"Video demonstration, Artifact, Lab notebook",No choice
Install,Perform Procedure / Technique,External,Independent,Real world or simulated,Performance task / Skills check,"Lab practicum, OSCE / Standardized client station, Real world demonstration",No choice,Rubric-scored observation checklist,"Video demonstration, Artifact, Lab notebook",No choice
Position,Perform Procedure / Technique,External,Independent,Real world or simulated,Performance task / Skills check,"Lab practicum, OSCE / Standardized client station, Real world demonstration",No choice,Rubric-scored observation checklist,"Video demonstration, Artifact, Lab notebook",No choice
Brief,Communicate for Audience,External,Independent or interactive,Real world or simulated,Stakeholder briefing / Presentation,"Client communication, Policy lab / stakeholder briefing, Oral exam / Viva",Decided by program,Client communication artifact / Brief,"Presentation, Poster with Q&A, Data visualization",Decided by program
Pitch,Communicate for Audience,External,Independent or interactive,Real world or simulated,Stakeholder briefing / Presentation,"Client communication, Policy lab / stakeholder briefing, Oral exam / Viva",Decided by program,Client communication artifact / Brief,"Presentation, Poster with Q&A, Data visualization",Decided by program
Translate,Communicate for Audience,External,Independent or interactive,Real world or simulated,Stakeholder briefing / Presentation,"Client communication, Policy lab / stakeholder briefing, Oral exam / Viva",Decided by program,Client communication artifact / Brief,"Presentation, Poster with Q&A, Data visualization",Decided by program
Narrate,Communicate for Audience,External,Independent or interactive,Real world or simulated,Stakeholder briefing / Presentation,"Client communication, Policy lab / stakeholder briefing, Oral exam / Viva",Decided by program,Client communication artifact / Brief,"Presentation, Poster with Q&A, Data visualization",Decided by program
Summarize,Communicate for Audience,External,Independent or interactive,Real world or simulated,Stakeholder briefing / Presentation,"Client communication, Policy lab / stakeholder briefing, Oral exam / Viva",Decided by program,Client communication artifact / Brief,"Presentation, Poster with Q&A, Data visualization",Decided by program
Present,Communicate for Audience,External,Independent or interactive,Real world or simulated,Stakeholder briefing / Presentation,"Client communication, Policy lab / stakeholder briefing, Oral exam / Viva",Decided by program,Client communication artifact / Brief,"Presentation, Poster with Q&A, Data visualization",Decided by program
Advise,Communicate for Audience,External,Independent or interactive,Real world or simulated,Stakeholder briefing / Presentation,"Client communication, Policy lab / stakeholder briefing, Oral exam / Viva",Decided by program,Client communication artifact / Brief,"Presentation, Poster with Q&A, Data visualization",Decided by program
Educate,Communicate for Audience,External,Independent or interactive,Real world or simulated,Stakeholder briefing / Presentation,"Client communication, Policy lab / stakeholder briefing, Oral exam / Viva",Decided by program,Client communication artifact / Brief,"Presentation, Poster with Q&A, Data visualization",Decided by program
Storyboard,Communicate for Audience,External,Independent or interactive,Real world or simulated,Stakeholder briefing / Presentation,"Client communication, Policy lab / stakeholder briefing, Oral exam / Viva",Decided by program,Client communication artifact / Brief,"Presentation, Poster with Q&A, Data visualization",Decided by program
Persuade for audience,Communicate for Audience,External,Independent or interactive,Real world or simulated,Stakeholder briefing / Presentation,"Client communication, Policy lab / stakeholder briefing, Oral exam / Viva",Decided by program,Client communication artifact / Brief,"Presentation, Poster with Q&A, Data visualization",Decided by program
Prompt,Use Tools / AI Responsibly,External,Independent,Real world or simulated,AI audit / Source verification task,"Data analysis practicum, Process-product portfolio assessment, Case-based decision memo",Decided by program,AI-use disclosure / Prompt audit trail,"Verification memo, Annotated artifact, Process log",Always
Audit AI output,Use Tools / AI Responsibly,External,Independent,Real world or simulated,AI audit / Source verification task,"Data analysis practicum, Process-product portfolio assessment, Case-based decision memo",Decided by program,AI-use disclosure / Prompt audit trail,"Verification memo, Annotated artifact, Process log",Always
Verify output,Use Tools / AI Responsibly,External,Independent,Real world or simulated,AI audit / Source verification task,"Data analysis practicum, Process-product portfolio assessment, Case-based decision memo",Decided by program,AI-use disclosure / Prompt audit trail,"Verification memo, Annotated artifact, Process log",Always
Attribute,Use Tools / AI Responsibly,External,Independent,Real world or simulated,AI audit / Source verification task,"Data analysis practicum, Process-product portfolio assessment, Case-based decision memo",Decided by program,AI-use disclosure / Prompt audit trail,"Verification memo, Annotated artifact, Process log",Always
Replicate,Use Tools / AI Responsibly,External,Independent,Real world or simulated,AI audit / Source verification task,"Data analysis practicum, Process-product portfolio assessment, Case-based decision memo",Decided by program,AI-use disclosure / Prompt audit trail,"Verification memo, Annotated artifact, Process log",Always
Annotate AI use,Use Tools / AI Responsibly,External,Independent,Real world or simulated,AI audit / Source verification task,"Data analysis practicum, Process-product portfolio assessment, Case-based decision memo",Decided by program,AI-use disclosure / Prompt audit trail,"Verification memo, Annotated artifact, Process log",Always
Compare outputs,Use Tools / AI Responsibly,External,Independent,Real world or simulated,AI audit / Source verification task,"Data analysis practicum, Process-product portfolio assessment, Case-based decision memo",Decided by program,AI-use disclosure / Prompt audit trail,"Verification memo, Annotated artifact, Process log",Always
Document AI use,Use Tools / AI Responsibly,External,Independent,Real world or simulated,AI audit / Source verification task,"Data analysis practicum, Process-product portfolio assessment, Case-based decision memo",Decided by program,AI-use disclosure / Prompt audit trail,"Verification memo, Annotated artifact, Process log",Always
